doc_id,chunk_id,title,text
faq_delivery,faq_delivery_chunk_0,intro,# Условия и способы доставки
faq_delivery,faq_delivery_chunk_1,Способы доставки,## Способы доставки
faq_delivery,faq_delivery_chunk_2,1. Курьерская доставка СДЭК,### 1. Курьерская доставка СДЭК **Москва и Санкт-Петербург:** - Срок: 1-2 рабочих дня - Стоимость: 300₽ - Бесплатно при заказе от 5000₽ **Регионы России:** - Срок: 3-7 рабочих дней - Стоимость: от 400₽ (зависит от региона и веса) - Бесплатно при заказе от 7000₽ **Интервалы доставки:** - 10:00 - 14:00 - 14:00 - 18:00 - 18:00 - 22:00
faq_delivery,faq_delivery_chunk_3,2. Почта России,### 2. Почта России - Срок: 7-14 рабочих дней - Стоимость: от 250₽ - Бесплатно при заказе от 10000₽ - Доставка в почтовое отделение
faq_delivery,faq_delivery_chunk_4,3. Самовывоз из пунктов выдачи СДЭК,### 3. Самовывоз из пунктов выдачи СДЭК - Более 2000 пунктов по всей России - **Бесплатно** при любой сумме заказа - Срок доставки в пункт: 2-5 рабочих дней - Хранение в пункте: до 7 дней бесплатно
faq_delivery,faq_delivery_chunk_5,4. Экспресс-доставка (только Москва),### 4. Экспресс-доставка (только Москва) - Доставка **в день заказа** - Стоимость: 800₽ - Заказ должен быть оформлен и оплачен до 12:00 - Доставка с 18:00 до 22:00
faq_delivery,faq_delivery_chunk_6,География доставки,"## География доставки Доставляем по всей территории Российской Федерации, а также в: - Республику Беларусь - Республику Казахстан"
faq_delivery,faq_delivery_chunk_7,Отслеживание посылки,## Отслеживание посылки После отправки заказа вы получите: - SMS с трек-номером - Email с трек-номером - Уведомление в личном кабинете Отследить посылку можно на сайте транспортной компании или в разделе «Мои заказы».
faq_delivery,faq_delivery_chunk_8,Изменение адреса доставки,## Изменение адреса доставки Изменить адрес доставки можно: - До момента отправки заказа со склада - Через личный кабинет в разделе «Мои заказы» - Обратившись в службу поддержки После отправки изменение возможно только через транспортную компанию (может потребоваться доплата).
faq_delivery,faq_delivery_chunk_9,Получение заказа,## Получение заказа При получении заказа обязательно: - Проверьте комплектность - Проверьте целостность упаковки - Проверьте товар на наличие дефектов Если обнаружили проблему — не забирайте заказ и сразу свяжитесь с поддержкой.
faq_payment,faq_payment_chunk_0,intro,# Способы оплаты
faq_payment,faq_payment_chunk_1,Доступные методы оплаты,## Доступные методы оплаты
faq_payment,faq_payment_chunk_2,1. Банковская карта,### 1. Банковская карта **Принимаем карты:** - Visa - MasterCard - МИР - Maestro **Безопасность:** - Оплата проходит через защищенное соединение (SSL) - Данные карты не сохраняются на наших серверах - Соответствие стандарту PCI DSS **Когда списываются деньги:** Оплата списывается сразу после оформления заказа.
faq_payment,faq_payment_chunk_3,2. СБП (Система быстрых платежей),### 2. СБП (Система быстрых платежей) - Оплата через мобильное приложение вашего банка - **Без комиссии** - Моментальное зачисление **Как оплатить:** 1. Выберите «СБП» при оформлении 2. Отсканируйте QR-код или перейдите по ссылке 3. Подтвердите оплату в приложении банка
faq_payment,faq_payment_chunk_4,3. Apple Pay / Google Pay,### 3. Apple Pay / Google Pay - Быстрая оплата в один клик - Доступна на устройствах с поддержкой NFC - Данные карты не передаются магазину
faq_payment,faq_payment_chunk_5,4. Наложенный платёж,### 4. Наложенный платёж - Оплата при получении товара - Дополнительная комиссия: **50₽** - Доступна для заказов до 10000₽ - Оплата наличными или картой курьеру/в отделении **Ограничения:** Недоступна для цифровых товаров и товаров на предзаказ.
faq_payment,faq_payment_chunk_6,Возврат денежных средств,"## Возврат денежных средств При отмене заказа или возврате товара: - Деньги возвращаются на карту/счёт, с которого была оплата - Срок возврата: **10 рабочих дней** - При оплате наложенным платежом возврат переводом на указанные реквизиты"
faq_payment,faq_payment_chunk_7,Проблемы с оплатой,## Проблемы с оплатой
faq_payment,faq_payment_chunk_8,Оплата не проходит — что делать:,"### Оплата не проходит — что делать: 1. Проверьте правильность введённых данных карты 2. Убедитесь, что на карте достаточно средств 3. Проверьте, не заблокирован ли онлайн-платежи в вашем банке 4. Попробуйте другую карту или способ оплаты 5. Обратитесь в службу поддержки"
faq_payment,faq_payment_chunk_9,"Деньги списались, но заказ не создался:","### Деньги списались, но заказ не создался: Свяжитесь со службой поддержки. Деньги будут возвращены автоматически в течение 3-5 дней, либо заказ будет создан вручную."
faq_payment,faq_payment_chunk_10,Чеки и документы,## Чеки и документы Электронный чек отправляется на email после оплаты. Для юридических лиц доступны счёт и закрывающие документы.
faq_promo,faq_promo_chunk_0,intro,# Промокоды и программа лояльности
faq_promo,faq_promo_chunk_1,Как применить промокод,## Как применить промокод
faq_promo,faq_promo_chunk_2,Инструкция:,"### Инструкция: 1. Добавьте товары в корзину 2. Перейдите к оформлению заказа 3. Найдите поле «У меня есть промокод» 4. Введите код (например, SALE2026) 5. Нажмите кнопку «Применить» 6. Скидка автоматически пересчитается в итоговой сумме"
faq_promo,faq_promo_chunk_3,Почему промокод не работает,## Почему промокод не работает
faq_promo,faq_promo_chunk_4,Возможные причины:,"### Возможные причины: **1. Истёк срок действия** Каждый промокод действует ограниченное время. Проверьте актуальность в описании акции. **2. Промокод не распространяется на выбранные товары** Некоторые промокоды действуют только на определённые категории товаров. **3. Не достигнута минимальная сумма заказа** Например, промокод может работать только при заказе от 3000₽. **4. Промокод уже использован** Большинство промокодов одноразовые и действуют только для одного заказа. **5. Промокод нельзя совместить с текущей скидкой** Промокоды обычно не суммируются с распродажами и другими акциями."
faq_promo,faq_promo_chunk_5,Правила использования промокодов,## Правила использования промокодов - **Один промокод на один заказ** - Промокод должен быть применён **до оплаты** - Промокоды не возвращаются при отмене заказа - Промокоды не подлежат обмену на деньги
faq_promo,faq_promo_chunk_6,Программа лояльности — бонусные баллы,## Программа лояльности — бонусные баллы
faq_promo,faq_promo_chunk_7,Как начисляются баллы:,### Как начисляются баллы: - За каждую покупку вы получаете **5% от суммы заказа** бонусами - 1 бонусный балл = 1 рубль - Баллы начисляются после получения заказа
faq_promo,faq_promo_chunk_8,Как использовать баллы:,### Как использовать баллы: - Оплачивайте баллами **до 30% стоимости** следующего заказа - При оформлении выберите «Списать бонусы» и укажите количество - Минимальная сумма для списания: 100 баллов
faq_promo,faq_promo_chunk_9,Срок действия баллов:,### Срок действия баллов: Бонусы действуют **12 месяцев** с момента начисления.
faq_promo,faq_promo_chunk_10,Как узнать баланс бонусов,## Как узнать баланс бонусов - В личном кабинете в разделе «Мои бонусы» - В мобильном приложении - Обратившись в службу поддержки
faq_promo,faq_promo_chunk_11,Текущие акции и промокоды,## Текущие акции и промокоды Актуальные промокоды публикуются: - На главной странице сайта - В email-рассылке (подпишитесь в настройках) - В Telegram-канале магазина - В разделе «Акции» на сайте
faq_promo,faq_promo_chunk_12,Программа рефералов,## Программа рефералов Приглашайте друзей и получайте: - 500 бонусов за каждого приведённого друга (после его первого заказа) - Ваш друг получает промокод на 10% скидку Реферальная ссылка доступна в личном кабинете.
faq_return,faq_return_chunk_0,intro,# Политика возврата товаров
faq_return,faq_return_chunk_1,Сроки возврата,"## Сроки возврата Вы можете вернуть товар надлежащего качества в течение: - **Электроника и бытовая техника**: 14 дней с момента получения - **Одежда и обувь**: 30 дней с момента получения - **Аксессуары и прочие товары**: 14 дней с момента получения Отсчет срока начинается со дня, следующего за днём получения товара."
faq_return,faq_return_chunk_2,Условия возврата,## Условия возврата Для оформления возврата товар должен: - Сохранять товарный вид и потребительские свойства - Иметь заводскую упаковку (если она была) - Иметь все ярлыки и бирки - Не иметь следов использования
faq_return,faq_return_chunk_3,Как оформить возврат,## Как оформить возврат
faq_return,faq_return_chunk_4,Через личный кабинет:,### Через личный кабинет: 1. Войдите в личный кабинет на сайте 2. Перейдите в раздел «Мои заказы» 3. Выберите нужный заказ 4. Нажмите кнопку «Оформить возврат» 5. Заполните форму с указанием причины возврата 6. Дождитесь подтверждения от службы поддержки
faq_return,faq_return_chunk_5,Через службу поддержки:,### Через службу поддержки: Напишите нам в чат или на email support@example-shop.ru с указанием номера заказа.
faq_return,faq_return_chunk_6,Возврат денежных средств,"## Возврат денежных средств - Деньги возвращаются на карту или счёт, с которого была произведена оплата - Срок возврата: **10 рабочих дней** с момента получения товара на складе - Стоимость доставки при возврате не компенсируется (кроме случаев брака)"
faq_return,faq_return_chunk_7,Возврат товара ненадлежащего качества (брак),## Возврат товара ненадлежащего качества (брак) Если товар пришёл с дефектом или браком: - Срок обращения: в течение гарантийного срока - Стоимость обратной доставки компенсируется - Возврат денег или замена товара на аналогичный - Требуется фото/видео дефекта
faq_return,faq_return_chunk_8,"Товары, не подлежащие возврату","## Товары, не подлежащие возврату - Нижнее бельё - Парфюмерия и косметика после вскрытия упаковки - Товары индивидуального изготовления (кастомные) - Цифровые товары (ключи активации, подписки)"
faq_warranty,faq_warranty_chunk_0,intro,# Гарантия на товары
faq_warranty,faq_warranty_chunk_1,Гарантийные сроки по категориям,## Гарантийные сроки по категориям
faq_warranty,faq_warranty_chunk_2,Электроника и бытовая техника,"### Электроника и бытовая техника - **Стандартная гарантия**: 12 месяцев от производителя - **Расширенная гарантия**: до 24 или 36 месяцев (приобретается дополнительно) Включает: смартфоны, ноутбуки, планшеты, телевизоры, холодильники, стиральные машины и т.д."
faq_warranty,faq_warranty_chunk_3,Одежда и обувь,"### Одежда и обувь - **Гарантия**: 30 дней с момента покупки - Распространяется на производственные дефекты (некачественные швы, расхождение материала)"
faq_warranty,faq_warranty_chunk_4,Аксессуары и мелкая электроника,### Аксессуары и мелкая электроника - **Гарантия**: 14 дней
faq_warranty,faq_warranty_chunk_5,Мебель,### Мебель - **Гарантия**: 18 месяцев
faq_warranty,faq_warranty_chunk_6,Что покрывает гарантия,## Что покрывает гарантия Гарантия распространяется на: - Производственный брак - Дефекты материалов - Неисправности при правильной эксплуатации
faq_warranty,faq_warranty_chunk_7,Что НЕ является гарантийным случаем,"## Что НЕ является гарантийным случаем - Механические повреждения (удары, падения, царапины) - Повреждения от воздействия жидкости - Следы самостоятельного ремонта или вскрытия - Повреждения от неправильной эксплуатации - Естественный износ"
faq_warranty,faq_warranty_chunk_8,Как оформить гарантийный возврат,## Как оформить гарантийный возврат
faq_warranty,faq_warranty_chunk_9,Шаг 1: Обратитесь в поддержку,### Шаг 1: Обратитесь в поддержку - Напишите в чат на сайте - Email: support@example-shop.ru - Телефон: 8-800-123-45-67
faq_warranty,faq_warranty_chunk_10,Шаг 2: Предоставьте информацию,### Шаг 2: Предоставьте информацию - Номер заказа - Описание проблемы - Фото или видео дефекта - Чек или подтверждение покупки
faq_warranty,faq_warranty_chunk_11,Шаг 3: Диагностика,### Шаг 3: Диагностика Мы рассмотрим обращение и примем решение: - Замена на новый товар - Ремонт в сервисном центре - Возврат денежных средств
faq_warranty,faq_warranty_chunk_12,Шаг 4: Отправка товара,### Шаг 4: Отправка товара - Мы организуем бесплатный забор товара курьером - Или предоставим адрес сервисного центра для личной передачи
faq_warranty,faq_warranty_chunk_13,Сроки гарантийного обслуживания,## Сроки гарантийного обслуживания - Рассмотрение обращения: 1-2 рабочих дня - Диагностика товара: до 10 рабочих дней - Ремонт: до 45 дней - Замена товара: 3-7 рабочих дней
faq_warranty,faq_warranty_chunk_14,Расширенная гарантия,"## Расширенная гарантия При покупке техники вы можете приобрести расширенную гарантию: - Продлевает стандартную гарантию до 24 или 36 месяцев - Покрывает больше случаев (например, случайные повреждения) - Стоимость: 5-15% от цены товара"
faq_warranty,faq_warranty_chunk_15,Обмен товара,"## Обмен товара Если товар не подошёл по размеру, цвету или модели — вы можете обменять его в течение 14 дней (для одежды и обуви — 30 дней)."
